Country Name,Country Code,1970,1971,1972,1973,1974,1975,1976,1977,1978,1979,1980,1981,1982,1983,1984,1985,1986,1987,1988,1989,1990,1991,1992,1993,1994,1995,1996,1997,1998,1999,2000,2001,2002,2003,2004,2005,2006,2007,2008,2009,2010,2011,2012,2013,2014,2015,2016,2017,2018,2019,2020
Aruba,ABW,,,,,,,,,,,,,,,,,,,,,,,,,,,,,,,,,,,,,,,,,,,,,,,,,,,
Africa Eastern and Southern,AFE,,,,,,,,,,,,,,,,,,,,,80.94369219,80.88463964,80.79254641,80.62940185,80.42646273,80.16764056,79.98591839,79.82087743,79.67790842,79.51209266,79.34600222,79.22960441,79.09235993,78.93989812,78.77578169,78.62123677,78.54402088,78.46333151,78.39603786,78.07857953,77.75574647,77.57837397,77.50847692,77.50505777,77.38044317,77.39930895,77.313202,77.12770543,76.84189218,76.59798165,
Afghanistan,AFG,,,,,,,,,,,,,,,,,,,,,79.16,79.06,78.94,78.8,78.63,78.41,78.45,78.52,78.59,78.65,78.71,78.7,78.69,78.71,78.75,78.81,78.88,78.94,78.96,78.9,78.74,78.49,78.21,77.54,76.87,76.2,75.48,74.74,74.62,74.52,
Africa Western and Central,AFW,,,,,,,,,,,,,,,,,,,,,74.01801973,73.97607365,73.82826853,73.70172545,73.50426964,73.2353077,73.05870117,72.86084215,72.64335448,72.42498026,72.16407202,72.0157272,71.71804339,71.54868646,71.38353332,71.22292372,71.18486964,71.06523579,70.85125061,70.59005101,70.28982608,70.18745803,68.86071388,67.4931025,66.95946145,66.5115053,66.11672606,66.65054589,67.29210339,67.85958679,
Angola,AGO,,,,,,,,,,,,,,,,,,,,,80.02,80.06,80.17,80.48,80.42,80.19,80.07,79.95,79.81,79.67,79.49,79.43,79.24,79.14,78.96,78.77,78.77,78.73,78.72,78.83,78.87,79.03,79.08,79.12,79.12,79.11,79.13,79.07,78.98,78.82,
Albania,ALB,,,,,,,,,,,,,,,,,,,,,75.14,77.71,78.09,77.07,76.03,74.49,73.83,74.94,74.26,73.22,72.59,71.53,70.78,69.6,68.37,67.12,66,64.93,63.92,64.2,62.89,67.35,65.83,62.26,63.27,64.92,65.02,66.43,67.9,68.02,
Andorra,AND,,,,,,,,,,,,,,,,,,,,,,,,,,,,,,,,,,,,,,,,,,,,,,,,,,,
Arab World,ARB,,,,,,,,,,,,,,,,,,,,,75.78671778,75.77804512,75.63748513,75.66132656,75.80598911,75.57191187,75.18382057,74.89119034,74.48756997,74.71588266,74.53860074,73.90368329,73.69339778,73.61411131,73.53658066,73.48859395,73.36515022,73.40235694,73.65250405,73.7370174,74.23370976,74.26776866,74.34777021,74.5904121,74.23303659,73.76297379,73.44179865,72.95469553,72.9470706,72.96230553,
United Arab Emirates,ARE,,,,,,,,,,,,,,,,,,,,,90.11,90.13,90.47,91.09,91.64,92.14,91.3,90.82,90.8,91.1,91.51,90.73,90.6,90.98,91.72,92.62,91.85,92,92.72,93.7,94.67,94.48,94.31,94.26,94.37,94.65,93.97,93.46,93.34,93.42,
Argentina,ARG,,,,,,,,,,,,,,,,,,,,,76.37,76.13,75.82,75.52,75.24,74.94,74.83,74.85,74.89,74.94,75.04,75.07,75.02,75.25,75.46,75.46,75.47,74.88,74.27,74.26,73.96,74.13,73.73,73.55,73.12,73.03,72.88,72.73,72.81,72.71,
Armenia,ARM,,,,,,,,,,,,,,,,,,,,,68.17,67.93,67.52,66.96,66.32,65.64,64.96,64.33,63.72,63.09,62.44,62.02,61.6,61.25,61.1,61.19,61.48,61.97,62.24,63.56,67.61,67.58,67.77,67.87,67.16,66.58,66.17,65.68,65.24,64.95,
American Samoa,ASM,,,,,,,,,,,,,,,,,,,,,,,,,,,,,,,,,,,,,,,,,,,,,,,,,,,
Antigua and Barbuda,ATG,,,,,,,,,,,,,,,,,,,,,,,,,,,,,,,,,,,,,,,,,,,,,,,,,,,
Australia,AUS,,,,,,,,,,,,,,,,,,,,,75.79,74.8,74.26,73.7,73.78,73.98,73.76,73.21,72.93,72.49,72.34,72.12,72.02,71.73,71.67,72.21,72.34,72.64,72.73,72.39,72.52,72.32,71.85,71.5,71.08,71.24,70.76,70.8,71.04,71.16,
Austria,AUT,,,,,,,,,,,,,,,,,,,,,69.98,70,70.12,69.96,70.22,70.32,69.7,69.01,69.02,69.11,68.89,67.89,68.23,68.01,64.86,66.13,66.31,67.2,67.15,67.06,66.86,66.62,66.65,66.64,66.1,65.99,66.31,66.33,66.7,66.65,
Azerbaijan,AZE,,,,,,,,,,,,,,,,,,,,,78.89,79.04,81.02,83.16,84.92,85.8,85.58,84.99,84.02,83.21,82.17,80.07,78.02,76.26,74.1,73,71.79,71.12,69.57,68.28,67.56,67.38,67.64,67.96,68.36,68.68,69.72,70.06,70.18,69.91,
Burundi,BDI,,,,,,,,,,,,,,,,,,,,,90.35,89.85,89.26,88.58,87.81,86.96,86.19,85.35,84.43,83.62,82.76,81.96,81.19,80.45,79.77,79.17,78.65,78.2,77.82,77.52,77.28,77.09,76.94,76.81,76.65,77.1,77.45,77.69,77.84,77.88,
Belgium,BEL,,,,,,,,,,,,,,,,,,,,,60.76,61.04,60.74,60.21,60.84,60.97,60.74,60.46,60.42,61.09,61.36,60.27,60.04,59.92,60.01,61.29,60.79,61.13,60.84,60.38,60.79,59.67,59.72,59.71,59.38,59.14,58.96,59.11,58.95,59.05,
Benin,BEN,,,,,,,,,,,,,,,,,,,,,89.24,89.25,89.21,88.38,87.5,86.58,85.59,84.55,83.46,82.32,81.13,79.9,78.62,77.98,77.31,76.62,75.9,75.17,74.43,73.68,72.95,73.76,73.68,73.53,73.39,73.31,73.24,73.13,72.99,72.83,
Burkina Faso,BFA,,,,,,,,,,,,,,,,,,,,,90.8,90.82,90.6,90.35,90.09,89.8,89.51,89.22,88.92,88.62,88.34,88.05,87.76,87.46,87.15,86.82,86.5,85.41,84.25,83.01,81.68,80.28,78.78,77.18,75.48,75.37,75.25,75.1,74.92,74.72,
Bangladesh,BGD,,,,,,,,,,,,,,,,,,,,,88.42,88.33,88.22,88.11,88,87.88,87.61,87.35,87.08,86.81,86.55,86.32,86.12,85.92,85.73,85.55,85.35,84.83,84.29,83.75,83.19,82.64,82.08,81.52,80.96,80.39,79.83,81.43,81.48,81.51,
Bulgaria,BGR,,,,,,,,,,,,,,,,,,,,,61.26,61.3,61.36,60.62,59.9,59.2,58.54,57.91,57.29,56.63,55.9,56.84,56.28,55.99,56.75,56.42,58.15,59.89,61.87,61.01,59.52,58.23,58.7,59.58,60.08,60.14,59.58,61.76,62.07,63.6,
Bahrain,BHR,,,,,,,,,,,,,,,,,,,,,88.11,87.46,87.25,87.28,87.46,87.7,87.13,86.68,86.46,86.48,86.66,85.9,85.4,85.38,85.7,86.17,85.88,85.96,86.33,86.86,87.39,86.65,86.85,86.98,87.06,87,87.13,87.26,87.32,87.34,
"Bahamas, The",BHS,,,,,,,,,,,,,,,,,,,,,79.45,80.29,81.09,81.82,82.41,82.36,82.26,82.14,81.81,81.36,81.12,81.16,81.19,81.34,81.29,81.1,81.17,81.28,81.49,81.7,81.6,81.55,81.45,81.68,81.74,81.79,81.78,81.79,81.71,81.61,
Bosnia and Herzegovina,BIH,,,,,,,,,,,,,,,,,,,,,62.05,62.69,62.85,62.59,62.15,61.44,60.89,60.73,60.32,59.6,59.13,58.69,58.23,57.87,57.45,57.47,57.04,58.28,58.66,58.03,58.21,57.55,58.27,57.81,58.23,58.2,58.58,57.78,58.28,58.05,
Belarus,BLR,,,,,,,,,,,,,,,,,,,,,67.02,66.73,66.93,67.11,67.58,68.01,67.57,66.69,66.04,65.73,65.87,66.01,66.23,66.52,66.87,67.3,67.63,68.05,68.54,69.06,69.55,69.91,70.25,70.55,70.79,70.97,71.06,71.41,72.13,71.71,
Belize,BLZ,,,,,,,,,,,,,,,,,,,,,82.24,81.85,81.35,81.15,81.28,81.54,81.75,81.63,81.57,81.58,81.66,81.69,81.75,81.83,81.88,81.89,81.69,81.42,81.11,80.77,80.4,80.19,80,79.81,80.11,79.95,80.4,80.62,80.7,80.89,
Bermuda,BMU,,,,,,,,,,,,,,,,,,,,,,,,,,,,,,,,,,,,,,,,,,,,,,,,,,,
Bolivia,BOL,,,,,,,,,,,,,,,,,,,,,82.27,82.35,82.19,82.2,82.26,82.35,82.4,82.51,82.43,82.3,82.11,82.27,82.42,82.56,82.69,82.81,82.93,82.26,82.13,81.92,82.08,82.12,80.02,79.91,81.78,79.71,78.54,79.11,80.6,80.58,
Brazil,BRA,,,,,,,,,,,,,,,,,,,,,83.01,82.94,82.48,82.01,81.52,81.02,79.3,79.75,79.27,79.15,78.59,78.01,78.03,77.75,78.07,78.18,77.67,77.3,77.39,77.34,76.5,75.63,76.13,76,75.56,75.33,74.86,74.51,74.28,74.35,
Barbados,BRB,,,,,,,,,,,,,,,,,,,,,77.47,75.21,76.09,76.43,76.63,77.19,74.73,75.6,75.29,74.94,74.58,74.54,74.52,74.51,75.01,74.77,74.44,74.08,73.68,73.23,72.38,72.34,71.34,71.48,68.56,69.52,70.12,69.79,69.48,69.16,
Brunei Darussalam,BRN,,,,,,,,,,,,,,,,,,,,,81.89,81.75,81.36,81.07,80.86,80.71,80.42,80.22,80.09,80.01,79.93,79.08,78.49,78.08,77.8,77.58,76.89,76.27,75.8,75.5,75.28,74.98,74.57,74.09,73.58,73.08,72.55,72.01,74.03,72.68,
Bhutan,BTN,,,,,,,,,,,,,,,,,,,,,82.08,81.66,81.23,80.77,80.29,79.79,79.34,78.87,78.41,77.94,77.47,76.88,76.36,75.95,75.63,75.41,75.05,74.71,74.39,74.11,72.46,70.82,65.12,70.57,70.22,72.6,72.85,73.18,73.56,73.94,
Botswana,BWA,,,,,,,,,,,,,,,,,,,,,76.12,75.6,75.21,74.84,74.36,73.71,73.23,72.57,72.03,70.22,68.21,68.1,68.01,67.9,67.74,67.5,67.22,68.2,69.09,69.9,66.86,71.42,74.9,77.56,77.56,77.66,77.43,77.14,76.74,76.38,
Central African Republic,CAF,,,,,,,,,,,,,,,,,,,,,80.99,81,81.05,81,80.87,80.67,80.7,80.58,80.45,80.3,80.19,80.27,80.28,80.35,80.28,80.27,80.48,80.66,80.8,80.78,80.68,81.01,81.18,81.69,81.62,81.41,81,80.53,80,79.45,
Canada,CAN,,,,,,,,,,,,,,,,,,,,,75.98,74.97,73.74,73.22,72.98,72.31,71.97,72.02,71.93,72.19,72.12,72.01,72.74,73.17,72.94,72.58,72.12,72.37,72.6,71.79,71.47,71.32,70.97,70.83,70.51,70.52,70.2,70.15,69.65,70.14,
Central Europe and the Baltics,CEB,,,,,,,,,,,,,,,,,,,,,69.9596288,70.2137038,70.1480998,69.4521529,68.58318563,67.95389875,67.03349624,66.30697426,65.76873205,65.21496539,64.91910148,64.68612279,63.15159718,62.67370172,62.59470256,62.61951363,62.71748173,62.92403075,63.34598077,63.40173119,63.74464634,63.46831521,63.84376956,64.04916314,64.59317182,64.7532042,64.84262094,65.52937663,65.6407142,65.826284,
Switzerland,CHE,,,,,,,,,,,,,,,,,,,,,80.42,80.74,80.09,80.18,79.32,79.13,78.91,78.51,78.39,78.14,77.69,77.26,76.65,76.62,75.83,75.05,75.37,75.76,75.4,75.23,74.3,74.62,74.38,74.1,74.12,74.22,74.42,74.32,74,73.39,
Channel Islands,CHI,,,,,,,,,,,,,,,,,,,,,70.14,70.43,70.38,70.54,70.72,70.9,70.67,70.46,70.38,70.17,69.97,69.97,69.15,68.94,68.56,68.63,68.45,68.51,68.56,68.08,67.55,67.78,67.52,67.32,67.2,67.12,66.81,66.49,66.22,65.91,
Chile,CHL,,,,,,,,,,,,,,,,,,,,,77.29,77.39,77.48,77.44,77.38,77.39,77.34,76.91,76.91,76.62,75.47,74.86,74.25,73.94,73.81,74,74.64,74.77,75.32,74.57,74.64,75.16,74.8,74.59,74.48,74.68,74.23,74.19,73.86,73.38,
China,CHN,,,,,,,,,,,,,,,,,,,,,84.76,84.72,84.72,84.74,84.73,84.67,84.54,84.36,84.11,83.79,83.39,82.75,82.02,81.25,80.54,79.97,79.51,79.18,78.93,78.64,78.28,78.13,77.95,77.72,77.45,77.17,76.83,76.46,76.06,75.65,
Cote d'Ivoire,CIV,,,,,,,,,,,,,,,,,,,,,84.39,84.24,83.98,83.65,83.28,82.77,82.56,82.43,82.23,81.5,80.77,80.02,79.23,78.42,77.58,76.7,75.83,74.94,74.03,73.09,72.14,71.17,70.2,69.22,68.23,67.25,66.25,63.06,62.81,62.59,
Cameroon,CMR,,,,,,,,,,,,,,,,,,,,,87.86,87.99,88.04,88.09,87.96,87.74,87.56,87.3,87,86.67,86.34,86.13,85.92,85.72,85.51,85.37,85.36,85.31,84.1,82.81,81.44,81.52,81.59,81.62,81.61,81.55,81.48,81.36,81.19,80.98,
"Congo, Dem. Rep.",COD,,,,,,,,,,,,,,,,,,,,,70.54,70.98,71.42,71.89,72.07,72.05,72.25,72.44,72.48,72.54,72.65,72.82,72.87,72.86,72.82,72.77,72,71.21,70.4,69.57,68.73,67.88,66.99,66.96,66.85,66.74,66.74,66.65,66.45,66.24,
"Congo, Rep.",COG,,,,,,,,,,,,,,,,,,,,,71.56,71.26,70.93,70.69,70.61,70.39,70.21,70.2,70.17,70.31,70.26,70.35,70.43,70.61,70.76,70.87,70.95,71.25,71.4,71.5,71.53,71.83,72.01,72.08,72,71.93,71.9,71.78,71.51,71.24,
Colombia,COL,,,,,,,,,,,,,,,,,,,,,83.53,83.63,83.75,83.86,83.95,83.98,83.89,83.82,83.63,83.25,83.17,83.08,82.73,82.84,81.69,81.19,80.24,79.26,79.59,81.37,81.64,82.14,82.52,81.86,81.96,82.03,81.61,81.2,80.87,80.14,
Comoros,COM,,,,,,,,,,,,,,,,,,,,,53.45,53.77,53.58,53.5,53.64,53.4,53.29,52.95,52.67,52.34,51.71,51.4,51.08,50.77,50.51,51.05,51.61,52.21,52.85,53.51,54.19,54.87,55.56,56.24,56.9,56.95,56.92,56.83,56.7,56.58,
Cabo Verde,CPV,,,,,,,,,,,,,,,,,,,,,85.3,84.64,83.96,83.25,82.48,81.65,80.73,79.72,78.64,77.5,76.35,75.3,74.28,73.29,72.37,71.52,71.19,70.91,70.66,70.43,70.22,69.92,69.68,69.43,69.1,68.67,68.18,67.61,67.5,67.33,
Costa Rica,CRI,,,,,,,,,,,,,,,,,,,,,84.08,82.79,81.71,82.23,81.99,82.91,80.57,81.85,82.44,81.55,80.53,81.19,80.64,80.48,79.72,80.38,79.8,80.33,79.31,77.83,76.54,75.17,77.5,77.01,76.97,75.62,74.03,75.01,76.51,77.2,
Caribbean small states,CSS,,,,,,,,,,,,,,,,,,,,,77.79436045,77.37364792,77.0724475,76.74522656,76.85600394,76.95118894,76.65543497,76.64576192,76.56088427,76.3407191,76.17675797,75.83739301,75.49878731,75.29684514,75.15537261,74.84628785,74.46922664,74.31970947,73.80253054,73.44032745,72.700313,72.16507274,71.85146663,72.1200049,72.06002531,72.18229537,72.20082744,72.30749037,71.92026886,72.10591746,
Cuba,CUB,,,,,,,,,,,,,,,,,,,,,63.36,64.69,66.17,67.85,68.45,68.81,68.74,68.81,68.91,68.63,68.33,68.08,67.87,67.52,67.12,67.11,66.84,67.29,67.65,68.76,68.26,68,67.68,67.36,67.15,66.82,66.73,66.61,66.47,66.34,
Curacao,CUW,,,,,,,,,,,,,,,,,,,,,,,,,,,,,,,,,,,,,,,,,,,,,,,,,,,
Cayman Islands,CYM,,,,,,,,,,,,,,,,,,,,,,,,,,,,,,,,,,,,,,,,,,,,,,,,,,,
Cyprus,CYP,,,,,,,,,,,,,,,,,,,,,73.31,73.58,72.64,73.5,72.76,72.98,73.06,72.23,71.96,72.1,71.95,72.07,71.34,72.12,72.81,72.66,72.24,71.89,71.27,70.77,70.61,69.69,69.58,69.2,68.73,67.43,67.05,67.37,68.65,69.49,
Czech Republic,CZE,,,,,,,,,,,,,,,,,,,,,71.04,71.23,71.18,71.19,71.3,71.3,71.17,70.23,70.05,69.87,69.28,68.91,68.97,68.33,68.26,68.86,68.61,68.41,68.17,68.21,67.95,67.48,67.7,68.15,68.35,68.25,68.63,68.76,68.88,68.58,
Germany,DEU,,,,,,,,,,,,,,,,,,,,,72.56,72.4,71.25,70.32,70.11,69.43,68.92,68.79,68.5,68.3,67.74,67.2,66.67,66.38,65.89,66.72,66.67,66.81,66.71,66.57,66.46,66.73,66.59,66.6,66.46,66.1,66.18,66.27,66.66,67.07,
Djibouti,DJI,,,,,,,,,,,,,,,,,,,,,80.5,80.64,80.27,79.78,79.23,78.97,78.61,78.48,78.44,78.2,77.72,77.3,76.59,75.72,74.89,74.15,73.33,72.64,72,71.5,71.02,70.64,70.37,70.15,69.89,69.59,69.44,69.22,68.88,68.58,
Dominica,DMA,,,,,,,,,,,,,,,,,,,,,,,,,,,,,,,,,,,,,,,,,,,,,,,,,,,
Denmark,DNK,,,,,,,,,,,,,,,,,,,,,73.86,73.27,72.79,72.1,71.38,73.05,72.86,73.13,71.74,72.61,71.71,71.22,72.13,71.64,71.85,71.41,71.53,71.02,70.45,69.29,68.3,67.65,66.54,65.25,65.43,65.72,65.45,65.59,65.89,66.65,
Dominican Republic,DOM,,,,,,,,,,,,,,,,,,,,,81.25,81.38,80.82,80.5,80.5,80.27,80.02,79.58,79.27,79,78.82,77.4,76.79,75.71,76.03,74.84,75.91,75.88,74.94,73.53,73.82,74.74,75.34,75.51,75.55,78.02,78.02,77.86,79.57,79.89,
Algeria,DZA,,,,,,,,,,,,,,,,,,,,,76.68,77.07,77.14,77.57,77.87,77.7,77.5,76.79,76.07,75.37,74.68,74.06,73.46,72.89,72.33,71.79,71.26,70.73,70.2,69.68,70,69.44,68.88,70.15,67.37,67.52,67.67,67.74,67.79,67.76,
East Asia & Pacific (excluding high income),EAP,,,,,,,,,,,,,,,,,,,,,84.11828712,84.08260071,84.08619949,84.0293701,84.13048541,84.06970399,83.95297617,83.7844957,83.59067257,83.33103008,83.05361747,82.59563586,81.99657516,81.30142871,80.90493932,80.3145525,79.97482405,79.7676924,79.5641799,79.32789237,79.06300707,79.07143008,78.96086031,78.70056587,78.45412928,78.1349308,77.74332946,77.37336763,77.09780617,76.75746905,
Early-demographic dividend,EAR,,,,,,,,,,,,,,,,,,,,,82.99336212,82.8839429,82.80778689,82.57160985,82.61226517,82.33264191,82.13026831,81.94465569,81.76167116,81.617289,81.39996622,81.24103894,81.04796009,80.88030795,81.00471115,80.78363676,80.4479434,80.15945849,79.82904399,79.48636337,79.22918814,79.00364001,78.81355817,78.49327438,78.1079777,77.78200856,77.43279118,77.19081793,76.92190891,76.80255958,
East Asia & Pacific,EAS,,,,,,,,,,,,,,,,,,,,,83.07814022,83.0835136,83.12775958,83.0686263,83.15628182,83.09798549,83.0011572,82.84938975,82.61904983,82.33471607,82.052582,81.59202037,81.02982666,80.36871531,79.99290248,79.45635199,79.13921665,78.97632274,78.75688095,78.48353134,78.21832333,78.19738392,78.07224098,77.83509605,77.63575608,77.35009513,77.01191333,76.69316781,76.48052471,76.1862984,
Europe & Central Asia (excluding high income),ECA,,,,,,,,,,,,,,,,,,,,,73.32993482,73.25055399,73.34976928,72.4834486,71.95286977,71.62998077,70.75987415,69.66610864,68.95205939,69.74624061,69.33626795,68.30901425,67.62864176,67.06960539,67.24681799,67.38366376,67.21929618,67.66223742,68.16925132,68.12273925,68.48678765,68.78679103,68.81877035,69.05714728,69.23321308,69.51652082,69.63377069,69.65656718,69.58313265,69.15111804,
Europe & Central Asia,ECS,,,,,,,,,,,,,,,,,,,,,71.29654475,71.07285877,70.59581729,69.82588541,69.32495513,68.91269861,68.4004847,67.82995246,67.4646953,67.74700263,67.51857545,66.88351273,66.55410964,66.31140989,66.29286295,66.4586567,66.34956862,66.54391143,66.79289502,66.55550511,66.55804081,66.5666879,66.6008497,66.57866759,66.57713175,66.65006487,66.71736594,66.73793959,66.75718554,66.55314518,
Ecuador,ECU,,,,,,,,,,,,,,,,,,,,,80.93,81.15,81.31,81.47,81.7,81.85,81.93,81.91,83.87,83.8,83.71,83.59,83.43,83.24,84.11,83.91,85.32,83.46,83.54,81.27,80.51,79.83,79.8,79.4,79.91,81.03,81.29,81.8,81.14,80.69,
"Egypt, Arab Rep.",EGY,,,,,,,,,,,,,,,,,,,,,72.51,72.6,72.39,72.27,73.32,72.26,71.95,71.58,71.17,73.15,72.59,71.36,71.57,72.11,72.6,73.02,73.3,73.49,74.46,74.55,75.56,75.57,75.84,75.92,75.58,73.34,72.59,70.93,71.34,71.17,
Euro area,EMU,,,,,,,,,,,,,,,,,,,,,68.7892852,68.44875553,67.43308514,66.8493692,66.47119743,65.91424524,65.76607272,65.67065202,65.68467643,65.63470675,65.51835426,65.16738254,65.22836481,65.2640239,65.11504603,65.22770752,65.13922278,65.15077719,65.12455627,64.66920502,64.3419672,64.05711108,64.04044543,63.71521155,63.42499,63.27319658,63.24408582,63.2585881,63.3626395,63.30378579,
Eritrea,ERI,,,,,,,,,,,,,,,,,,,,,89.71,90.19,90.56,90.79,90.82,90.89,90.34,89.67,88.95,88.2,87.52,85.85,84.33,83.03,81.87,80.94,81.33,81.79,82.48,83.05,83.67,84.55,85.38,86.23,86.42,87.1,86.87,86.91,86.62,86.27,
Spain,ESP,,,,,,,,,,,,,,,,,,,,,67.56,67.21,66.14,65.63,65.04,64.13,64.25,64.41,64.73,65.08,65.73,65.46,66.08,66.87,67.2,68.02,68.18,68.17,68.25,67.47,67.15,66.53,66.02,65.4,64.9,64.7,64.3,64.02,63.82,63.52,
Estonia,EST,,,,,,,,,,,,,,,,,,,,,72.84,72.57,72.75,72.56,72.21,71.65,70.56,70.41,69.62,67.85,66.64,65.37,63.85,66.62,65.71,64.74,67.55,68.45,69.04,68.18,67.07,67.9,68.29,68.32,68.9,69.52,70.67,71.47,71.31,70.48,
Ethiopia,ETH,,,,,,,,,,,,,,,,,,,,,89.64,89.82,89.98,89.94,89.94,89.94,89.91,89.88,89.84,89.82,89.82,89.86,89.92,89.98,90.03,90.07,89.87,89.65,89.41,89.15,88.89,88.64,88.41,88.18,87.6,87.04,86.6,86.15,85.75,85.36,
European Union,EUU,,,,,,,,,,,,,,,,,,,,,69.15713558,68.94281478,68.12733315,67.48660732,66.97984168,66.448381,66.11063635,65.87373746,65.73818885,65.59676601,65.44094292,65.12158692,64.80458729,64.69914148,64.57500813,64.68482774,64.65247838,64.70055967,64.77331045,64.43396756,64.27254954,63.97479572,64.02780269,63.82030347,63.71779041,63.63723581,63.62688303,63.78843645,63.88340523,63.9045864,
Fragile and conflict affected situations,FCS,,,,,,,,,,,,,,,,,,,,,78.29669495,78.2655413,78.14301347,78.08408766,77.97785639,77.82526855,77.71012129,77.59458719,77.45596678,77.27210908,77.0749204,76.90974797,76.68138505,76.50172113,76.27465267,76.0887717,75.92335809,75.66653647,75.38164432,75.02396665,74.77842389,74.62120516,73.88220325,73.24640456,72.93478105,72.66276531,72.32494919,72.50354768,72.72925096,72.79671434,
Finland,FIN,,,,,,,,,,,,,,,,,,,,,71.94,70.32,68.74,67.85,66.93,65.31,64.04,65.57,65.54,65.81,66.21,66.22,66.06,65.83,65.06,64.82,65.2,65.36,65.82,64.05,63.86,64.05,63.57,62.78,62.41,62.3,62.17,62.51,63.02,62.99,
Fiji,FJI,,,,,,,,,,,,,,,,,,,,,79.76,79.99,79.71,79.64,79.39,79.29,78.98,78.63,78.28,77.95,77.65,77.73,77.88,78.07,78.25,78.4,78.61,78.77,78.9,79.04,79.2,79.51,78.58,77.6,76.56,77.04,77.26,76.94,76.69,76.53,
France,FRA,,,,,,,,,,,,,,,,,,,,,65.5,64.44,64.29,63.81,63.45,63.16,63.54,63.24,63.02,63.13,62.93,62.59,62.8,62.82,62.74,62.47,62.19,62.06,62.04,62.07,61.89,61.48,61.64,61.37,60.77,60.66,60.42,60.32,60.21,59.68,
Faroe Islands,FRO,,,,,,,,,,,,,,,,,,,,,,,,,,,,,,,,,,,,,,,,,,,,,,,,,,,
"Micronesia, Fed. Sts.",FSM,,,,,,,,,,,,,,,,,,,,,,,,,,,,,,,,,,,,,,,,,,,,,,,,,,,
Gabon,GAB,,,,,,,,,,,,,,,,,,,,,58.2,58.1,58.33,58.27,58.2,58.04,57.93,57.72,57.57,57.84,57.86,57.64,57.55,57.43,57.43,57.43,57.48,57.39,57.75,58.13,58.41,58.31,58.43,58.71,59.18,59.74,60.45,61.13,61.7,62.06,
United Kingdom,GBR,,,,,,,,,,,,,,,,,,,,,74.1,73.41,72.47,71.29,70.9,70.58,70.24,70.13,69.83,69.91,69.92,69.16,69.06,69.33,68.98,69.23,69.46,69.32,69.52,68.93,68.58,68.33,68.54,68.47,68.35,68.3,68.32,67.99,68.14,68.04,
Georgia,GEO,,,,,,,,,,,,,,,,,,,,,76.47,76.94,77.41,77.86,78.3,77.71,76.66,75.61,75.09,74.6,73.49,75.28,73.56,74.79,73.37,73.57,74.37,75.17,75.96,76.7,77.74,78.95,80.38,80.34,80.79,80.92,80.94,78.16,73.93,73.22,
Ghana,GHA,,,,,,,,,,,,,,,,,,,,,77.68,77.65,77.59,77.48,77.38,77.26,77.21,77.16,77.06,76.89,76.66,76.16,75.65,75.14,74.64,74.16,73.7,73.61,73.52,73.43,73.33,73.19,73.03,72.86,72.66,72.46,72.36,72.14,71.93,71.69,
Gibraltar,GIB,,,,,,,,,,,,,,,,,,,,,,,,,,,,,,,,,,,,,,,,,,,,,,,,,,,
Guinea,GIN,,,,,,,,,,,,,,,,,,,,,65.06,65.47,65.74,65.85,65.88,65.8,65.96,65.99,65.96,65.82,65.61,65.68,65.57,65.45,65.2,64.86,64.77,64.49,64.21,64.03,63.64,63.33,62.98,62.65,62.3,61.95,61.32,60.73,60.28,59.88,
"Gambia, The",GMB,,,,,,,,,,,,,,,,,,,,,69.6,70.29,70.77,71.13,71.01,70.9,70.72,70.54,70.33,70.11,69.85,69.61,69.35,69.1,68.86,68.65,68.47,68.29,68.14,68.03,67.97,67.95,67.97,67.9,67.96,67.88,67.99,68,67.93,67.81,
Guinea-Bissau,GNB,,,,,,,,,,,,,,,,,,,,,82.72,82.65,82.61,82.5,82.28,81.92,81.71,81.41,81.5,81.17,80.81,80.57,80.37,80.16,79.91,79.63,79.49,79.33,79.18,79.06,78.96,78.95,79.05,79.08,79.13,79.08,79.07,79.02,78.95,78.82,
Equatorial Guinea,GNQ,,,,,,,,,,,,,,,,,,,,,69.37,69.31,69.35,69.4,69.33,69.08,68.18,67.32,66.7,66.42,66.44,66.03,65.87,66.05,66.49,67.06,66.74,66.63,66.82,67.25,67.75,67.43,67.2,67.22,67.48,67.83,67.31,66.93,66.84,67.04,
Greece,GRC,,,,,,,,,,,,,,,,,,,,,67.12,66.32,66.4,65.99,66.57,66.75,66.75,66.23,66.44,66.2,66.19,65.16,65.09,65.19,65.46,65.01,64.88,64.45,64.14,63.71,63.15,62.18,61.47,61.14,60.34,59.94,59.85,59.97,60.21,60.35,
Grenada,GRD,,,,,,,,,,,,,,,,,,,,,,,,,,,,,,,,,,,,,,,,,,,,,,,,,,,
Greenland,GRL,,,,,,,,,,,,,,,,,,,,,,,,,,,,,,,,,,,,,,,,,,,,,,,,,,,
Guatemala,GTM,,,,,,,,,,,,,,,,,,,,,86.88,86.78,86.6,86.45,86.28,86.05,86,85.84,85.64,85.52,85.43,85.49,85.46,85.52,85.51,85.33,85.14,84.92,84.69,84.48,84.25,84.04,87.7,83.55,84.41,85.52,84.89,86.35,86.32,86.27,
Guam,GUM,,,,,,,,,,,,,,,,,,,,,82.48,82.64,82.61,82.53,82.27,82.05,81.72,81.34,81.04,80.75,80.31,80.01,79.69,79.42,78.8,78.36,78.4,78.14,77.82,77.61,77.28,77.07,76.76,76.47,76.21,76.06,75.95,75.86,75.82,75.67,
Guyana,GUY,,,,,,,,,,,,,,,,,,,,,83.02,82.76,82.4,81.98,81.56,81.09,80.69,80.35,80.08,79.86,79.66,79.21,78.67,78.16,77.53,76.78,76.15,75.44,74.67,73.89,73.13,72.25,71.41,70.61,69.84,69.08,68.39,67.73,67.06,66.78,
High income,HIC,,,,,,,,,,,,,,,,,,,,,73.06292961,72.8034655,72.43728307,72.00373502,71.72978791,71.50880589,71.36734027,71.27455333,71.08167844,70.90781705,70.81992234,70.40610217,70.17645702,69.90398003,69.72088204,69.77385891,69.76245517,69.79653633,69.76683234,69.24973458,68.93625363,68.69993274,68.77077033,68.5648827,68.45369327,68.42240403,68.4612486,68.45043055,68.49433942,68.55878417,
"Hong Kong SAR, China",HKG,,,,,,,,,,,,,,,,,,,,,79.3,78.98,78.39,77.94,77.14,76.69,75.93,75.33,74.8,74.2,73.62,72.92,72.38,72.01,71.71,71.12,70.69,70.33,69.4,69.03,68.13,68.04,68.42,68.95,68.52,68.52,68.34,68.05,67.83,67.47,
Honduras,HND,,,,,,,,,,,,,,,,,,,,,88.79,89.23,89.02,88.77,88.96,88.74,88.83,88.73,88.71,89,88.22,87.33,86.91,86.47,86.01,85.52,85.23,83.99,83.5,84.19,84.81,83.43,82.71,85.66,85.75,85.29,84.63,86.72,86.03,86.06,
Heavily indebted poor countries (HIPC),HPC,,,,,,,,,,,,,,,,,,,,,81.97654656,81.99223293,81.95239215,81.84369934,81.71003766,81.5170345,81.45565143,81.3744027,81.29992766,81.1948245,81.07327878,80.97549778,80.86788424,80.75141153,80.6373664,80.49931806,80.30739527,80.04230466,79.74439634,79.43431051,79.10999959,78.8050351,78.39085582,78.13468574,77.75804006,77.3997129,77.14053751,76.83754993,76.61882317,76.37200414,
Croatia,HRV,,,,,,,,,,,,,,,,,,,,,69.4,69.21,68.43,67.64,66.84,66.04,65.31,64.63,63.99,63.4,62.85,62.24,60.71,60.84,61.82,61.12,59.95,61.64,61.41,60.35,59.83,59.83,58.87,57.64,58.76,59.17,57.84,58.42,57.78,58.2,
Haiti,HTI,,,,,,,,,,,,,,,,,,,,,78.17,77.48,76.73,75.92,75.04,74.09,73.19,72.24,71.27,70.33,69.48,69.48,69.56,69.71,69.89,70.08,70.25,70.36,70.66,70.8,71.36,71.34,71.48,71.52,71.65,71.86,72.09,72.32,72.5,72.84,
Hungary,HUN,,,,,,,,,,,,,,,,,,,,,63.03,63.05,62.95,60.78,59.14,59.38,57.62,56.9,56.8,57.67,57.93,57.7,57.46,58.15,57.76,58.38,58.95,58.88,58.35,58.17,58.16,58.55,59.28,60.18,61.99,63.39,64.58,65.3,65.72,66.28,
IBRD only,IBD,,,,,,,,,,,,,,,,,,,,,82.09914486,82.02301875,81.97762139,81.81370218,81.73071443,81.51254815,81.20818906,80.97290507,80.71346414,80.60409876,80.32175091,79.93320537,79.5496764,79.16155057,79.03177702,78.79226214,78.49426573,78.29280522,78.12780006,77.89589148,77.64431483,77.51063927,77.39206306,77.12856896,76.83075168,76.52909596,76.17048927,75.82807955,75.51696059,75.27359532,
IDA & IBRD total,IBT,,,,,,,,,,,,,,,,,,,,,82.00091036,81.93250983,81.8782236,81.6942607,81.61374914,81.3998845,81.12931531,80.91558542,80.67080319,80.55781618,80.29540089,79.95372968,79.60126277,79.25566984,79.1185486,78.86002674,78.55984068,78.34965918,78.15759615,77.91503269,77.66190889,77.50607873,77.31812345,77.02214709,76.69885186,76.42884579,76.09538828,75.86762038,75.64088833,75.44903517,
IDA total,IDA,,,,,,,,,,,,,,,,,,,,,81.50554928,81.480456,81.3864715,81.10894465,81.04637986,80.85951136,80.75359233,80.64499682,80.47143995,80.34361729,80.17454583,80.0470345,79.8339159,79.67692645,79.50365085,79.1578398,78.84525613,78.59439061,78.28431647,77.99542555,77.73484334,77.48741554,77.01940068,76.59783138,76.18012518,76.04018647,75.80837924,76.01649982,76.10022139,76.08869291,
IDA blend,IDB,,,,,,,,,,,,,,,,,,,,,77.47872832,77.40798568,77.27348963,76.62391123,76.6384906,76.41406046,76.3306924,76.26879984,76.00998478,76.02101997,76.0020379,75.81745197,75.52526925,75.44817407,75.33082261,74.69643723,74.23235907,74.17840492,73.98016335,73.89402824,73.76653859,73.72895412,73.21781769,72.68685932,72.33325755,72.58691729,72.5209675,73.14858298,73.7210668,74.15716201,
Indonesia,IDN,,,,,,,,,,,,,,,,,,,,,82.13,82.07,82.14,81.6,82.8,82.96,83.1,82.98,83.01,83.35,83.61,83.67,83.37,82.58,83.65,82.42,82.67,83.09,83.01,82.88,83.16,83.44,83.87,83.29,82.96,82.36,81.58,81.73,81.9,82.17,
IDA only,IDX,,,,,,,,,,,,,,,,,,,,,83.58885207,83.58167011,83.50290663,83.4111037,83.30386302,83.13220377,83.01674921,82.88750269,82.76116627,82.56461167,82.32083626,82.22255098,82.04936576,81.85053131,81.64833521,81.45157903,81.21976408,80.87137812,80.50802243,80.11862838,79.79465041,79.44136027,78.99694485,78.63317268,78.18253353,77.83752875,77.51749358,77.50554987,77.33366583,77.08848498,
Isle of Man,IMN,,,,,,,,,,,,,,,,,,,,,,,,,,,,,,,,,,,,,,,,,,,,,,,,,,,
India,IND,,,,,,,,,,,,,,,,,,,,,84.73,84.62,84.52,84.43,84.34,84.14,83.9,83.65,83.4,83.17,82.96,82.91,82.88,82.87,82.87,82.89,82.44,81.99,81.56,81.14,80.71,80.26,79.8,79.24,78.66,78.07,77.45,76.81,76.16,75.92,
Not classified,INX,,,,,,,,,,,,,,,,,,,,,,,,,,,,,,,,,,,,,,,,,,,,,,,,,,,
Ireland,IRL,,,,,,,,,,,,,,,,,,,,,74.79,74.69,72.06,71.62,71.9,71.66,71.73,71.98,73.62,74.69,75.36,74.97,74.16,74.07,74.39,75.86,76.53,76.22,75.13,72.43,70.52,69.55,69.18,69.35,69.32,69.48,69.32,68.83,68.79,68.81,
"Iran, Islamic Rep.",IRN,,,,,,,,,,,,,,,,,,,,,81.51,80.26,79.14,77.96,76.74,75.48,74.23,73.98,73.78,73.63,73.55,73.65,73.79,73.97,74.23,74.55,73.46,72.45,70.42,70.7,69.88,69.68,69.46,69.22,68.91,69.67,70.81,71.47,71.85,72.44,
Iraq,IRQ,,,,,,,,,,,,,,,,,,,,,76.44,76.39,76.16,76.32,76.65,76.65,76.75,76.69,76.3,75.9,75.49,75.07,74.63,74.19,73.73,73.25,72.74,72.2,72.25,72.28,72.28,72.39,72.5,73.32,74.11,73.81,73.4,73.9,74.31,74.26,
Iceland,ISL,,,,,,,,,,,,,,,,,,,,,80.87,81.13,81.71,79.91,79.61,82.2,81.53,80.77,81.96,82.3,83.04,83.62,82.1,81.81,81.35,80.69,81.75,81.89,81.21,78.99,79.14,78.39,77.85,78.7,80.39,80.95,82.33,80.97,79.53,78.49,
Israel,ISR,,,,,,,,,,,,,,,,,,,,,72.03,71.97,71.61,73.29,73.33,72.97,71.74,70.92,70.18,69.65,69.66,69.37,68.28,67.96,68.5,68.77,69.25,69.89,69.94,68.99,69.36,69.25,69.43,69.6,69.52,69.51,69.29,69.21,68.64,67.96,
Italy,ITA,,,,,,,,,,,,,,,,,,,,,66.86,66.66,64.64,64.17,63.09,62.23,62.01,61.76,61.72,61.45,61.2,60.93,61.23,61.55,61.78,60.99,60.73,60.37,60.31,59.48,59,58.65,59.17,58.51,58.54,58.72,59.1,59.23,59.26,59.08,
Jamaica,JAM,,,,,,,,,,,,,,,,,,,,,78.84,78.44,78.04,77.64,77.19,77.03,76.95,76.82,76.65,76.36,76.02,75.64,75.2,74.71,74.37,73.74,73.21,72.7,72.18,71.64,71.1,70.61,70.12,70.99,71.17,71.52,72.32,72.89,72.33,73.24,
Jordan,JOR,,,,,,,,,,,,,,,,,,,,,66.65,67.61,67.3,68.11,68.79,69.22,69.4,69.35,69.24,69.1,68.93,69.2,67.94,67.71,67.67,67.59,66.95,67.3,67.28,68.31,67.21,66.11,64.9,63.88,63.93,63.95,64.02,64.02,63.98,63.88,
Japan,JPN,,,,,,,,,,,,,,,,,,,,,77.38,77.79,78.26,78.32,78.04,77.87,77.99,78,77.58,77.15,76.62,75.97,75.19,74.54,73.82,73.54,73.32,73.56,73.27,72.62,72.11,71.52,70.95,70.85,70.81,70.76,70.92,70.94,71.57,71.72,
Kazakhstan,KAZ,,,,,,,,,,,,,,,,,,,,,77.47,77.84,77.93,78.27,78.83,79.12,78.83,78.48,78.36,78.04,77.42,76.6,76.01,75.62,75.17,75.27,75.28,75.38,75.55,75.48,75.88,75.94,76.1,76.32,76.8,77.03,76.55,75.98,75.85,75.57,
Kenya,KEN,,,,,,,,,,,,,,,,,,,,,77.04,76.73,76.38,75.97,75.54,75.11,74.74,74.5,74.29,74.08,73.53,72.92,72.27,71.58,70.87,70.13,71.22,72.29,73.32,74.24,75.05,75.77,76.39,76.94,77.45,77.94,78.4,77.8,77.17,76.53,
Kyrgyz Republic,KGZ,,,,,,,,,,,,,,,,,,,,,70.42,71.17,72.47,73.83,75.6,76.05,75.56,74.86,74.76,74.56,74.21,73.86,73.93,74.09,74.25,76.09,77.44,76.98,76.42,75.68,76.62,77.06,76.9,76.48,75.03,75.53,75.48,75.16,74.58,74.46,
Cambodia,KHM,,,,,,,,,,,,,,,,,,,,,82.25,82.49,82.92,83.45,84.82,84.58,84.17,83.68,82.98,82.34,81,85.47,85.88,86.13,86.03,86.88,87.75,88.53,88.14,87.68,89.05,89.63,88.34,86.89,87.03,86.93,88.7,87.74,87.71,87.65,
Kiribati,KIR,,,,,,,,,,,,,,,,,,,,,,,,,,,,,,,,,,,,,,,,,,,,,,,,,,,
St. Kitts and Nevis,KNA,,,,,,,,,,,,,,,,,,,,,,,,,,,,,,,,,,,,,,,,,,,,,,,,,,,
"Korea, Rep.",KOR,,,,,,,,,,,,,,,,,,,,,73.3,73.96,74.41,74.34,75.08,75.28,75.37,75.37,74.45,73.8,73.73,73.53,74.17,74.03,74.44,74.04,73.61,73.53,72.79,72.23,72.18,72.31,72.49,72.5,73.4,73.13,73.13,73.25,72.89,72.8,
Kuwait,KWT,,,,,,,,,,,,,,,,,,,,,80.9,80.9,81.11,81.85,83.02,84.13,83.56,83,82.62,82.75,82.87,82.32,82.12,81.76,82.02,82.48,82.07,82.06,82.53,83.65,84.69,85.26,85.75,86.31,86.8,87.19,87.26,87.62,87.66,87.63,
Latin America & Caribbean (excluding high income),LAC,,,,,,,,,,,,,,,,,,,,,81.62549719,81.62884938,81.62441527,81.64308898,81.36560329,80.85965715,80.21244738,80.55109594,80.44400543,80.18277815,79.76383631,79.44195884,79.22829744,79.09218626,79.2304699,79.17658176,79.131563,78.85552229,78.75359189,78.67435551,78.21181688,77.80688126,78.15285529,77.85076878,77.6401354,77.5322473,77.19984824,77.21611314,77.17235009,77.15738994,
Lao PDR,LAO,,,,,,,,,,,,,,,,,,,,,82.59,82.57,82.5,82.42,82.23,82.08,81.92,81.76,81.57,81.35,81.1,80.89,80.65,80.37,80.09,79.8,79.65,79.52,79.41,79.36,79.36,79.46,79.6,79.73,79.86,79.95,79.9,79.85,79.81,79.81,
Lebanon,LBN,,,,,,,,,,,,,,,,,,,,,69.68,69.83,69.19,69.28,69.65,70.15,69.88,70.39,70.63,71.22,71.69,72.16,72.59,72.9,72.74,72.54,72.32,72.05,71.13,70.22,69.68,70.08,70.45,70.71,70.98,71.29,71.34,71.37,71.58,72.15,
Liberia,LBR,,,,,,,,,,,,,,,,,,,,,81.86,81.83,82.01,82.02,81.92,81.88,81.61,80.69,80.35,80.06,79.53,79.73,79.83,80.4,80.45,80.57,80.74,80.88,81.05,81.16,81.13,81.05,80.89,80.62,80.4,80.12,81.44,81.06,80.66,80.3,
Libya,LBY,,,,,,,,,,,,,,,,,,,,,59.06,58.95,58.88,58.87,58.91,59,58.87,58.85,58.92,59.08,59.28,59.42,59.63,59.92,60.3,60.76,61.15,61.56,61.99,62.45,62.92,63.42,63.87,64.27,64.59,64.81,65.03,65.18,65.26,65.27,
St. Lucia,LCA,,,,,,,,,,,,,,,,,,,,,78.09,78.35,78.08,77.81,77.53,77.19,76.82,76.42,76,75.61,75.25,74.97,75.25,75.53,75.83,76.12,76.45,76.65,76.71,76.66,76.55,76.62,76.77,76.96,77.17,77.38,77.56,77.75,78.66,76.3,
Latin America & Caribbean,LCN,,,,,,,,,,,,,,,,,,,,,81.11594503,81.1363042,81.13247498,81.1529295,80.91110271,80.45796052,79.88146713,80.18192985,80.08718168,79.82381327,79.40423068,79.09797934,78.87540395,78.73210207,78.86369006,78.8206698,78.84922583,78.58546739,78.48840442,78.35519483,77.93188422,77.55574287,77.81122867,77.52646694,77.33025736,77.23263924,76.91209617,76.91059613,76.83490943,76.74983906,
Least developed countries: UN classification,LDC,,,,,,,,,,,,,,,,,,,,,83.96812447,83.9591249,83.89321659,83.80151205,83.68482488,83.51139214,83.37522831,83.23195757,83.09104097,82.9309632,82.73865928,82.69285595,82.5632602,82.4179842,82.2656466,82.11326127,81.92313415,81.60821896,81.26139067,80.89701741,80.54733858,80.19589101,79.74037115,79.33687502,78.87751802,78.53009215,78.21973666,78.26616344,78.09488232,77.83369922,
Low income,LIC,,,,,,,,,,,,,,,,,,,,,81.31204638,81.37678105,81.38402053,81.35945275,81.26679693,81.14619608,81.14465299,81.12724254,81.11658812,81.01743835,80.89698357,80.84269324,80.75076606,80.62170422,80.49346182,80.32954699,80.12336499,79.87549134,79.61743551,79.30718776,79.05685217,78.78383874,78.43765308,78.16110464,77.75580105,77.51805896,77.32402426,77.10823285,76.89685854,76.65209286,
Liechtenstein,LIE,,,,,,,,,,,,,,,,,,,,,,,,,,,,,,,,,,,,,,,,,,,,,,,,,,,
Sri Lanka,LKA,,,,,,,,,,,,,,,,,,,,,79.32,78.15,76.67,77.13,76.84,74.97,75.9,76.63,77.62,78.26,76.96,76.91,76.89,76.89,76.88,76.83,76.87,76.85,76.78,76.65,76.47,75.84,75.93,76.2,75.37,75.83,76.27,75.63,74.43,73.7,
Lower middle income,LMC,,,,,,,,,,,,,,,,,,,,,82.07451609,81.97886437,81.88183189,81.69097874,81.77610804,81.59381797,81.39098519,81.18940668,80.97593353,80.88284477,80.73572986,80.58469613,80.44938081,80.3145547,80.37678985,80.16473499,79.84314178,79.57352037,79.25519676,78.99392554,78.78320402,78.57963467,78.2400646,77.83407717,77.36649545,76.96017674,76.54301601,76.298879,76.08027912,76.01570587,
Low & middle income,LMY,,,,,,,,,,,,,,,,,,,,,82.13601897,82.07063023,82.02579608,81.85419674,81.78786557,81.58308222,81.31584983,81.10862522,80.86644565,80.75959173,80.49159626,80.13966412,79.79137594,79.44673634,79.30276089,79.03257429,78.72486639,78.51165343,78.30922254,78.06637266,77.8052131,77.64494917,77.45714972,77.1569525,76.82508655,76.5523032,76.21461287,75.98244369,75.75765374,75.56864547,
Lesotho,LSO,,,,,,,,,,,,,,,,,,,,,85.18,84.82,84.43,84.04,83.57,83.08,82.56,82.03,81.49,80.91,80.39,79.85,79.32,78.83,78.36,77.94,77.59,77.28,77,76.75,76.53,76.49,76.44,76.36,76.24,76,75.91,75.91,75.84,75.75,
Late-demographic dividend,LTE,,,,,,,,,,,,,,,,,,,,,82.59342432,82.56139431,82.53243864,82.37419009,82.14507979,81.97095576,81.59343462,81.33641318,81.01505009,80.94527694,80.61750788,80.03585254,79.47013028,78.89361781,78.46723126,78.13230948,77.80305326,77.64942347,77.59452216,77.45540435,77.22141055,77.13938454,77.10427959,76.9501129,76.73319355,76.55695668,76.23630498,75.91957655,75.62383668,75.26355637,
Lithuania,LTU,,,,,,,,,,,,,,,,,,,,,70.15,70.14,70.77,71.48,71.95,71.63,71.09,70.41,69.8,68.3,66.45,65.37,65.18,66.44,63.98,62.87,61.37,62.09,62.41,62.25,62.34,63.62,63.67,64.4,65.22,64.99,66.3,66.74,67.82,67.69,
Luxembourg,LUX,,,,,,,,,,,,,,,,,,,,,68.34,68.8,68.16,68.2,67.29,66.16,66.07,65.36,65.4,65.05,65.97,65.08,65.91,64.39,64.32,64.65,64.22,63.47,63.36,66.07,65.37,64.46,65.18,65.54,66.1,65.17,63.9,63.42,63.62,65.13,
Latvia,LVA,,,,,,,,,,,,,,,,,,,,,69.49,69.37,70.62,71.02,70.59,70.31,69.81,68.6,67.92,67.17,64.9,64.34,66.08,64.83,65.61,65.63,67.57,69.13,69.66,67.12,65.28,65.54,66.66,66.19,66.57,67.48,67.38,68.29,68.83,68.31,
"Macao SAR, China",MAC,,,,,,,,,,,,,,,,,,,,,71.43,71.8,71.63,71.51,70.66,72.81,81.21,79.92,78.81,77.46,76.07,76.05,72.74,71.59,72.08,72.5,74.18,75.6,76.58,76.2,76.91,76.92,76.96,76.44,77.56,77.15,75.97,76.15,76.42,76.05,
St. Martin (French part),MAF,,,,,,,,,,,,,,,,,,,,,,,,,,,,,,,,,,,,,,,,,,,,,,,,,,,
Morocco,MAR,,,,,,,,,,,,,,,,,,,,,77.81,77.46,77.98,78.33,77.54,78.27,77.31,77.63,77.08,77.13,77.12,76.72,76.71,76.41,76.27,75.93,75.62,75.63,75.4,75.48,75.56,75.54,74.94,74.32,73.43,72.47,71.54,70.53,70.33,70.14,
Monaco,MCO,,,,,,,,,,,,,,,,,,,,,,,,,,,,,,,,,,,,,,,,,,,,,,,,,,,
Moldova,MDA,,,,,,,,,,,,,,,,,,,,,50.36,50.74,51.86,52.86,54.58,55.28,55.9,55.37,56.29,56.69,56.2,55.08,53.8,52.81,51.89,50.81,49.71,48.62,47.53,46.42,45.22,45.81,43.79,44.75,44.66,47.26,45.91,45.75,42.13,45.18,
Madagascar,MDG,,,,,,,,,,,,,,,,,,,,,89.06,89.1,89.05,89,88.96,88.93,89,89.05,89.1,89.14,89.16,89.2,89.32,89.27,89.22,89.15,89.59,90.01,90.39,90.73,91.03,90.64,90.18,90.05,89.87,89.62,89.35,89.1,88.88,88.66,
Maldives,MDV,,,,,,,,,,,,,,,,,,,,,77.03,76.39,75.76,75.1,74.33,73.43,73.01,72.51,71.96,71.45,71.02,70.54,70.26,70.18,70.26,70.47,70.34,70.45,70.81,71.4,73.53,75.72,77.9,80.01,81.98,82.4,82.01,82.69,83.62,84.6,
Middle East & North Africa,MEA,,,,,,,,,,,,,,,,,,,,,76.87768657,76.61547037,76.26905075,76.09403266,75.97684193,75.51730427,74.91319054,74.60278976,74.21154039,74.38628188,74.23363,73.7257578,73.57247132,73.56331715,73.59082171,73.65067407,73.34596849,73.20972877,73.04449402,73.20657061,73.53529074,73.57512271,73.65871435,73.87458051,73.53900519,73.31347531,73.27998493,73.00368071,73.08192505,73.21601633,
Mexico,MEX,,,,,,,,,,,,,,,,,,,,,84.72,84.67,85.11,85.58,84.83,83.2,83.33,84.02,83.9,83.19,82.49,81.97,80.82,80.88,80.81,81.42,81.67,81.38,80.84,80.03,79.74,79.45,79.73,79.32,79.13,78.99,78.75,78.68,78.58,78.49,
Marshall Islands,MHL,,,,,,,,,,,,,,,,,,,,,,,,,,,,,,,,,,,,,,,,,,,,,,,,,,,
Middle income,MIC,,,,,,,,,,,,,,,,,,,,,82.1854615,82.11267011,82.06506602,81.88477433,81.82041197,81.6106791,81.32671679,81.10743531,80.85032843,80.74284006,80.46504344,80.09318333,79.72734262,79.36754451,79.22162927,78.94310391,78.62723874,78.41516124,78.21531881,77.975965,77.71262032,77.5594104,77.38235651,77.07913237,76.75177083,76.47493517,76.12427142,75.88920854,75.66161661,75.47558734,
North Macedonia,MKD,,,,,,,,,,,,,,,,,,,,,66.81,67.01,67.2,67.41,67.25,67.04,66.85,66.44,66.05,65.68,65.54,65.39,65.25,65.21,65.6,65.96,66.27,66.19,67.66,68.51,68.63,67.65,67.4,67.28,68,67.65,67.76,67.76,67.53,66.16,
Mali,MLI,,,,,,,,,,,,,,,,,,,,,80.26,80.13,80.17,80.09,79.97,79.85,79.93,79.95,79.9,79.87,79.95,80.02,80.25,80.39,80.62,80.76,81.1,81.38,81.59,81.76,81.88,82.19,82.45,82.58,82.57,81.17,81.43,81.61,81.38,81.07,
Malta,MLT,,,,,,,,,,,,,,,,,,,,,74.15,73.81,73.4,72.83,72.33,71.94,71.8,71.27,71.17,70.95,70.61,72.13,69.89,69.85,68.91,67.66,67.65,67.12,66.22,65.94,66.45,66.73,66,66.8,67.16,67.01,66.94,66.95,67.44,67.39,
Myanmar,MMR,,,,,,,,,,,,,,,,,,,,,88.43,88.48,88.23,88.09,87.9,87.75,87.58,87.45,87.32,87.02,86.63,86.29,85.93,85.51,85.08,84.64,84.21,83.8,83.43,83.02,82.6,82.33,81.97,81.55,81.13,80.74,79.32,77.9,77.63,76.11,
Middle East & North Africa (excluding high income),MNA,,,,,,,,,,,,,,,,,,,,,76.40572676,76.11817953,75.74062803,75.53013142,75.44454113,74.91282142,74.40770166,74.19765953,73.84523824,74.08572982,73.69692017,73.17953829,73.05470846,73.03406061,72.99280689,72.95329757,72.54186507,72.19153873,71.78754616,71.77907128,71.88740422,71.79386986,71.68731995,71.75259444,71.24298005,70.86676131,70.89561447,70.64762691,70.88667688,71.00716186,
Montenegro,MNE,,,,,,,,,,,,,,,,,,,,,58.09,58.5,58.7,58.63,58.45,58.1,57.75,57.57,57.15,57.19,56.82,56.55,56.32,56.13,55.92,55.76,55.72,55.75,55.8,55.86,55.83,55.78,56.52,56.68,58.89,59.43,60.66,61.02,62.84,63.6,
Mongolia,MNG,,,,,,,,,,,,,,,,,,,,,62.89,63.82,64.79,65.38,65.64,65.65,65.81,65.87,65.95,66.02,66.16,66.07,65.84,65.49,65.01,64.85,64.64,64.43,64.37,64.74,65.07,66.39,65.21,66.21,66.8,67.2,66.18,66.78,69.15,71,
Northern Mariana Islands,MNP,,,,,,,,,,,,,,,,,,,,,,,,,,,,,,,,,,,,,,,,,,,,,,,,,,,
Mozambique,MOZ,,,,,,,,,,,,,,,,,,,,,82.32,81.65,81.28,80.92,80.7,80.55,80.53,80.44,81.46,82.2,82.7,83.02,83.21,83.3,83.18,83.05,82.9,82.71,82.5,82.25,81.96,81.64,81.27,80.87,80.43,79.95,79.7,79.41,79.08,78.77,
Mauritania,MRT,,,,,,,,,,,,,,,,,,,,,73.76,73.78,73.7,73.44,73.39,72.96,72.69,72.71,72.5,72.22,72.12,71.3,70.47,69.64,68.83,68.04,67.24,66.53,65.85,65.18,64.52,63.85,63.19,63.16,63.12,63.08,63.01,62.94,62.93,62.78,
Mauritius,MUS,,,,,,,,,,,,,,,,,,,,,81.93,81.63,81.46,81.41,81.33,81.16,80.66,80.15,79.68,79.26,78.86,78.61,78.35,78.04,77.64,77.09,76.3,75.6,74.66,74.22,74.1,73.31,73.35,73.51,73.83,73.42,73.01,73.22,72.02,71.22,
Malawi,MWI,,,,,,,,,,,,,,,,,,,,,79.36,79.4,79.47,79.3,79.38,79.33,79.36,79.47,79.58,79.81,79.98,80.12,80.22,80.32,80.44,80.62,80.89,81.19,81.5,81.81,82.1,82.41,82.7,82.95,82.57,82.21,81.77,81.34,80.91,80.42,
Malaysia,MYS,,,,,,,,,,,,,,,,,,,,,78.89,78.76,78.66,78.52,78.4,78.23,78.05,77.96,78.43,78.37,78.21,78.12,77.89,77.69,77.51,77.42,77.14,76.89,76.34,76.23,76.19,76.97,77.69,78.01,77.62,77.65,77.24,77.1,77.45,77.41,
North America,NAC,,,,,,,,,,,,,,,,,,,,,75.3606328,74.70072219,74.65567706,74.29748614,74.11147398,74.07020948,74.0534898,74.13050425,74.03178728,73.99559596,73.98844703,73.49179992,73.11706138,72.54168755,72.29381831,72.20309792,72.26353792,72.02916119,71.85570618,70.84871786,70.06297551,69.53668004,69.70667209,69.15486671,68.72755385,68.62972374,68.72223108,68.65495045,68.58546855,68.7546158,
Namibia,NAM,,,,,,,,,,,,,,,,,,,,,63.98,63.76,63.55,63.54,63.44,62.6,61.8,61.11,61.67,62.2,62.71,62.76,62.76,62.73,62.68,62.63,62.71,62.79,62.86,62.93,63.01,63.13,63.27,64.61,65.03,65.4,65.73,64.42,62.92,63.36,
New Caledonia,NCL,,,,,,,,,,,,,,,,,,,,,69.14,69.61,70.51,71.47,72.25,72.7,73.02,73.17,73.49,73.49,73.35,73.03,72.66,72.17,71.72,71.32,71.05,70.95,71.11,71.19,70.98,70.48,70.05,69.61,69.25,69.05,68.83,68.74,68.69,68.62,
Niger,NER,,,,,,,,,,,,,,,,,,,,,90.26,90.34,90.29,90.19,90.04,89.86,89.92,89.97,89.97,90.09,90.23,90.39,90.53,90.67,90.83,90.92,91.04,91.12,91.11,91.11,91.03,91.06,89.25,87.05,84.41,84.25,84.14,84.01,83.84,83.66,
Nigeria,NGA,,,,,,,,,,,,,,,,,,,,,67.21,67.09,66.76,66.58,66.35,66.04,65.8,65.56,65.32,65.16,64.91,64.87,64.55,64.47,64.34,64.31,64.45,64.53,64.58,64.56,64.52,64.61,62.28,59.91,59.47,58.91,58.21,59.95,61.6,63.12,
Nicaragua,NIC,,,,,,,,,,,,,,,,,,,,,84.97,85.35,85.49,85.57,85.56,85.4,86.15,86.31,86.45,86.26,86.47,85.64,84.81,83.95,83.07,82.17,81.27,81.73,82.17,82.58,82.97,83.35,83.72,84.05,84.34,84.2,84.07,83.91,84.31,84.67,
Netherlands,NLD,,,,,,,,,,,,,,,,,,,,,70.49,70.51,69.81,69.76,69.97,69.95,69.99,71.12,71.78,71.77,72.79,73.05,73.6,72.84,72.72,71.22,71.03,71.78,72.37,72.17,71.02,70.34,70.73,70.62,70.38,70.08,69.54,69.21,69.41,69.61,
Norway,NOR,,,,,,,,,,,,,,,,,,,,,70.22,68.91,68.94,68.41,68.85,69.31,70.61,72.21,72.85,72.39,72.84,72.48,72,70.82,70.43,70.3,70.47,70.82,71.68,70.33,69.65,68.79,69.01,68.44,68.08,68.43,67.85,66.89,67.38,67.51,
Nepal,NPL,,,,,,,,,,,,,,,,,,,,,91.03,90.94,90.85,90.79,90.76,90.74,90.72,90.7,90.68,90.63,90.39,90.2,89.99,89.75,89.47,89.15,88.82,88.49,88.15,87.76,87.33,86.84,86.28,85.64,84.93,84.2,83.91,83.73,83.64,83.66,
Nauru,NRU,,,,,,,,,,,,,,,,,,,,,,,,,,,,,,,,,,,,,,,,,,,,,,,,,,,
New Zealand,NZL,,,,,,,,,,,,,,,,,,,,,74.11,73.71,73.06,73.01,73.45,73.88,74.15,73.93,73.18,73.09,73.23,73.59,74.29,73.46,74.16,74.73,75.27,75.31,74.77,74.1,73.82,73.97,73.42,73.45,74.21,74.15,75.02,75.81,75.45,74.58,
OECD members,OED,,,,,,,,,,,,,,,,,,,,,74.17901125,73.92053267,73.61909862,73.2211522,72.97056872,72.64403657,72.54836684,72.51903257,72.36687111,72.14592429,71.89196126,71.47123384,71.13543246,70.84746861,70.66922446,70.74789072,70.6352753,70.57362065,70.50970151,70.00085034,69.66660321,69.44885421,69.47020779,69.21787794,69.12466406,69.08521437,69.13432527,69.16440238,69.24050172,69.22792979,
Oman,OMN,,,,,,,,,,,,,,,,,,,,,80.47,80.7,80.91,81.21,81.57,81.83,80.4,79,78.06,77.6,77.16,77.02,77.15,77.35,77.34,77.4,77.29,77.88,79.06,80.59,82.2,83.14,84.35,85.66,87.01,88.29,88.43,86.61,83.07,83.61,
Other small states,OSS,,,,,,,,,,,,,,,,,,,,,75.01879933,74.90012025,74.76962896,74.67268764,74.43424625,74.15861211,73.67457569,73.17604984,72.85175361,72.48135241,72.02167966,71.73877467,71.36679528,71.55864239,71.53381837,71.58671339,71.88490925,72.3015596,72.81272008,73.31673637,73.54129584,73.75471356,73.93357437,74.46997983,74.77422478,74.99095208,75.04915586,75.04139141,75.07714788,75.13283532,
Pakistan,PAK,,,,,,,,,,,,,,,,,,,,,84.33,84.34,84.32,83.03,83.39,83.22,83.36,83.49,83.18,83.5,83.79,83.59,83.37,83.5,83.6,82.38,81.03,80.74,80.25,80.11,79.9,79.55,79.99,80.43,79.85,80.83,81.15,81.47,81.76,81.86,
Panama,PAN,,,,,,,,,,,,,,,,,,,,,78.82,78.56,79.93,81.19,80.97,81.75,81.4,81.04,81.07,81.06,80.94,80.83,80.7,80.7,81.38,81.11,80.7,80.91,82.91,81.61,80,79.24,80.49,80.77,79.91,79.18,79.65,79,79.99,79.88,
Peru,PER,,,,,,,,,,,,,,,,,,,,,73.66,73.76,75.13,76.38,77.52,77.94,78.72,79.42,80.61,80.52,80.27,81.3,82.82,82.4,83.98,81.44,84.21,85.98,85.82,86.25,86.14,85.86,85.81,85.23,84.59,83.92,83,84.74,84.99,85.29,
Philippines,PHL,,,,,,,,,,,,,,,,,,,,,77.12,77.37,77.72,77.69,77.61,77.59,77.41,77.32,77.56,77.39,77.35,77.18,76.93,76.36,76.88,76.39,76.13,75.92,76.32,76.29,75.95,76.6,76.08,75.62,76.17,75.25,75.82,74.04,73.27,73.13,
Palau,PLW,,,,,,,,,,,,,,,,,,,,,,,,,,,,,,,,,,,,,,,,,,,,,,,,,,,
Papua New Guinea,PNG,,,,,,,,,,,,,,,,,,,,,74.62,74.01,73.03,71.64,71.31,71.92,71.44,72.11,72.76,72.87,73.4,71.41,69.33,67.15,64.87,62.49,60,57.42,54.78,52.07,49.32,49.4,49.23,49.11,48.38,47.89,47.74,47.63,47.83,47.59,
Poland,POL,,,,,,,,,,,,,,,,,,,,,70.05,70.19,69.83,69.14,67.77,66.66,65.94,65.09,64.38,63.32,63.56,63.84,62.95,62.33,62.24,63.03,62.37,62.31,63.1,63.8,64.26,64.48,64.74,64.9,65.28,65.15,65.52,65.95,65.8,65.9,
Pre-demographic dividend,PRE,,,,,,,,,,,,,,,,,,,,,76.86312989,76.84070198,76.74318585,76.66711966,76.53457796,76.32420464,76.20298674,76.07080275,75.93691123,75.80143101,75.61849275,75.51243517,75.32142085,75.17871488,75.02324875,74.86732187,74.83216403,74.71673658,74.5707068,74.38419361,74.15797878,74.01883354,73.26292289,72.59083648,72.29076385,71.99882106,71.73051227,71.8743156,72.07238256,72.20528676,
Puerto Rico,PRI,,,,,,,,,,,,,,,,,,,,,60.2,61.6,60.79,61.63,60.94,60.21,61.57,62.43,62.52,60.45,59.4,59.24,59.07,58.97,59.08,59.03,58.39,57.6,56.48,55.68,54.87,54,53.1,52.17,51.18,50.13,49.81,49.42,48.88,48.1,
"Korea, Dem. People's Rep.",PRK,,,,,,,,,,,,,,,,,,,,,86.78,87.34,88.06,88.67,89.11,89.47,89.69,89.88,89.84,89.61,89.52,89.31,89.17,89.03,88.89,88.69,88.6,88.53,88.35,88.31,88.29,88.21,88.15,88.12,88.12,88.19,88.11,88.25,88.41,88.3,
Portugal,PRT,,,,,,,,,,,,,,,,,,,,,72.88,73.28,70.75,69.72,69.31,68.62,68.5,68.69,70.13,69.83,69.69,70.2,70.71,69.92,69.57,69.31,69.44,69.2,68.89,67.52,66.91,66.84,66.07,64.96,64.44,64.17,64.22,64.66,64.52,64.47,
Paraguay,PRY,,,,,,,,,,,,,,,,,,,,,85.43,85.48,85.42,85.45,85.47,85.67,85.84,86,86.14,86.27,86.38,86.48,86.55,84.52,86.25,85.34,84.52,84.68,85.04,85.53,83.75,82.74,84.13,83.55,82.79,82.92,84.05,84.15,84.65,84.99,
West Bank and Gaza,PSE,,,,,,,,,,,,,,,,,,,,,69.82,69.73,69.44,69.46,69.64,69.44,69.79,68.96,67.99,67.51,68.58,63.54,61.97,65.15,63.64,64.45,63.58,64.25,63.17,63.39,64.72,65.88,66.1,66.7,66.76,69.18,69.54,70,69.1,70.11,
Pacific island small states,PSS,,,,,,,,,,,,,,,,,,,,,77.64211684,77.85893597,77.7355354,77.75049396,77.61511642,77.49124021,77.33676849,77.2336741,77.08164065,76.98702704,76.99060364,77.19205837,77.41887651,77.51651267,77.59892926,77.63156127,77.67434643,77.67025202,77.68356686,77.88363366,77.9471662,77.97787689,77.54973654,77.10093909,76.64608923,76.89440782,76.92242609,76.74540288,76.63296425,76.5601661,
Post-demographic dividend,PST,,,,,,,,,,,,,,,,,,,,,72.20906559,71.93943937,71.62412238,71.25760941,71.09974141,70.9422355,70.84630366,70.77385419,70.57785926,70.41849661,70.32184787,69.86018074,69.66278078,69.38737261,69.16588961,69.18441089,69.15805202,69.15727643,69.05872494,68.47199089,68.03904634,67.7318535,67.7469027,67.47890853,67.26953194,67.20766015,67.24225694,67.24420136,67.32492363,67.37053476,
French Polynesia,PYF,,,,,,,,,,,,,,,,,,,,,69.39,69.34,69.61,69.93,70.14,70.35,70.6,70.42,70.12,69.69,69.13,68.47,67.79,66.98,66.26,65.65,65.19,64.83,64.69,64.5,64.23,63.94,63.58,63.39,63.11,62.71,62.28,61.77,61.27,60.8,
Qatar,QAT,,,,,,,,,,,,,,,,,,,,,94.05,93.76,93.44,93.71,94.07,94.43,94.23,93.35,92.82,92.59,92.41,92.09,92.2,92.77,93.19,93.92,92.41,92.63,93.73,95.15,96.28,95.1,94.44,94.3,94.63,95.2,94.74,94.4,94.46,94.76,
Romania,ROU,,,,,,,,,,,,,,,,,,,,,75.62,76.47,77.08,76.53,75.91,75.23,73.52,72.94,72.15,71.89,71.18,69.66,64.42,62.99,62.57,61.14,62.17,62.15,62.29,62.24,64.28,62.77,63.61,63.61,64.07,64.41,63.68,64.75,65.07,65.4,
Russian Federation,RUS,,,,,,,,,,,,,,,,,,,,,75.71,75.37,75.34,73.49,71.43,70.74,69.34,67.39,66.19,69.07,69,67.57,67.6,67.14,67.45,67.74,67.87,69,70.05,69.96,70.29,70.55,70.65,70.81,71,71.24,71.42,70.97,70.73,69.84,
Rwanda,RWA,,,,,,,,,,,,,,,,,,,,,94.48,93.91,92.86,91.44,90.21,88.27,88.29,88.01,87.7,87.37,87.01,86.72,86.43,86.14,85.87,85.64,85.45,85.31,85.19,85.07,84.93,84.77,84.59,84.38,84.13,83.97,83.76,83.63,83.45,83.2,
South Asia,SAS,,,,,,,,,,,,,,,,,,,,,84.96522188,84.8506135,84.73373876,84.54262728,84.48753587,84.2735871,84.09212695,83.90058395,83.67174551,83.50958711,83.32921033,83.24775777,83.18208815,83.16472013,83.1528474,83.03038616,82.53165375,82.10446698,81.66969724,81.27405493,80.85905188,80.406872,80.03214725,79.58184966,78.99622656,78.58018688,78.07985537,77.7455515,77.27053833,77.09596631,
Saudi Arabia,SAU,,,,,,,,,,,,,,,,,,,,,79.4,79.23,79.59,78.99,78.18,77.22,75.72,74.51,73.61,73.15,75.55,74.82,74.37,74.15,74.05,74,73.55,73.76,73.74,73.73,74.56,75.53,77.19,78.71,79.19,79.54,79.1,78.64,78.05,78.39,
Sudan,SDN,,,,,,,,,,,,,,,,,,,,,76.6,76.36,76.11,75.86,75.61,75.37,75.06,74.83,74.6,74.37,74.15,73.95,73.77,73.57,73.35,73.1,72.86,72.55,72.19,71.77,71.32,70.88,70.41,70.02,69.65,69.25,68.9,68.55,68.32,68.11,
Senegal,SEN,,,,,,,,,,,,,,,,,,,,,75.09,74.83,74.59,74.31,73.96,73.33,73.11,72.72,72.13,71.5,70.98,70.66,70.44,70.05,69.7,69.4,69.37,68.16,66.93,65.67,64.39,63.15,61.89,60.62,59.31,57.99,57.9,57.74,57.56,57.36,
Singapore,SGP,,,,,,,,,,,,,,,,,,,,,78.46,78.91,79.11,79.01,79.12,79.29,79.38,79.43,79.83,79.34,79.22,79.07,78.57,78,77.5,77.77,78.4,79,78.56,78.79,78.65,78.47,78.89,78.66,79,79.36,78.85,78.98,78.38,78.31,
Solomon Islands,SLB,,,,,,,,,,,,,,,,,,,,,84.74,84.55,84.12,84.08,83.84,83.67,83.82,84.14,84.31,84.6,85.52,86.09,86.42,86.37,86.35,86.28,86.19,86.08,85.95,86.27,86.14,85.73,85.63,85.59,85.59,85.59,85.58,85.55,85.53,85.55,
Sierra Leone,SLE,,,,,,,,,,,,,,,,,,,,,65.07,65.09,65.77,65.67,65.61,65.72,65.64,65.67,65.43,65.34,65.16,65.39,64.77,64.57,66.27,65.47,64.69,63.91,63.14,62.39,61.64,60.9,60.17,59.44,58.7,59.34,59.06,58.83,58.6,58.26,
El Salvador,SLV,,,,,,,,,,,,,,,,,,,,,83.73,83.71,83.3,83.08,83.16,83.23,81.82,81.24,81.45,80.58,79.81,79.03,78.2,79.7,78.83,79.04,79.22,80,79.69,79.38,76.59,76.57,76.97,76.63,75.66,75.28,75.79,75.85,75.58,75.73,
San Marino,SMR,,,,,,,,,,,,,,,,,,,,,,,,,,,,,,,,,,,,,,,,,,,,,,,,,,,
Somalia,SOM,,,,,,,,,,,,,,,,,,,,,76.56,76.64,76.78,76.89,77.11,77.24,77.26,77.3,77.3,77.26,77.19,77.06,76.9,76.72,76.53,76.33,76.1,75.85,75.58,75.29,74.99,74.71,74.42,74.15,73.93,73.77,73.72,73.73,73.78,73.84,
Serbia,SRB,,,,,,,,,,,,,,,,,,,,,68.98,69.84,70.16,69.92,69.54,68.87,68.2,67.53,67.19,67.91,67.34,66.7,66.14,65.72,65.06,64.63,64.19,63.36,62.36,60.34,59.24,59.42,59.87,60.61,60.72,60.39,61.88,62.32,63.07,63.02,
Sub-Saharan Africa (excluding high income),SSA,,,,,,,,,,,,,,,,,,,,,78.14446882,78.09568428,77.98376583,77.83720942,77.63740033,77.37452393,77.19377487,77.0134481,76.83776503,76.64817851,76.44170092,76.31218126,76.11019772,75.95117723,75.78659527,75.62906131,75.56839095,75.47189468,75.34503523,75.05059297,74.73797867,74.59458085,74.02239594,73.47517803,73.19153948,73.02731276,72.8225114,72.92882571,73.01664934,73.09915787,
South Sudan,SSD,,,,,,,,,,,,,,,,,,,,,77.37,77.55,77.54,77.41,77.35,77.58,77.73,77.85,78,78.09,78.05,78.07,77.92,77.63,77.32,77.06,76.9,76.75,76.59,76.35,75.97,75.81,75.59,75.31,74.98,74.61,74.37,74.15,73.9,73.64,
Sub-Saharan Africa,SSF,,,,,,,,,,,,,,,,,,,,,78.14446882,78.09568428,77.98376583,77.83720942,77.63740033,77.37452393,77.19377487,77.0134481,76.83776503,76.64817851,76.44170092,76.31218126,76.11019772,75.95117723,75.78659527,75.62906131,75.56839095,75.47189468,75.34503523,75.05059297,74.73797867,74.59458085,74.02239594,73.47517803,73.19153948,73.02731276,72.8225114,72.92882571,73.01664934,73.09915787,
Small states,SST,,,,,,,,,,,,,,,,,,,,,75.85355439,75.67451795,75.4986747,75.34937484,75.19726125,75.0150297,74.59193645,74.22753615,73.96402814,73.63688386,73.26276796,72.98468759,72.64394899,72.73032763,72.67187441,72.62836332,72.74861744,73.00616827,73.26795055,73.57643453,73.60203469,73.66267541,73.71966081,74.15997758,74.36322886,74.56818523,74.62311606,74.63342945,74.59322793,74.67184003,
Sao Tome and Principe,STP,,,,,,,,,,,,,,,,,,,,,77.97,77.41,76.76,76.02,75.22,74.42,73.9,73.43,73.05,72.83,72.76,72.75,72.81,72.93,73.22,73.61,74.13,74.76,75.3,75.84,76.22,76.36,76.49,76.51,76.37,76.12,75.76,75.28,74.72,74.12,
Suriname,SUR,,,,,,,,,,,,,,,,,,,,,63.89,64.28,64.87,65.88,66.17,66.51,66.54,66.25,66.14,66.28,66.28,66.11,66,65.71,65.34,65.19,64.96,64.78,64.66,64.6,64.43,64.2,64.13,64.05,64.08,64.27,64.51,64.34,64.12,64.02,
Slovak Republic,SVK,,,,,,,,,,,,,,,,,,,,,72.5,73.1,71.51,69.91,69.26,69,68.76,68.16,68.02,67.7,67.84,68.71,67.94,68.54,68.58,68.58,68.25,67.73,68.19,67.98,67.61,67.93,68.19,67.98,68.09,67.82,68.05,67.71,67.78,67.54,
Slovenia,SVN,,,,,,,,,,,,,,,,,,,,,66.12,65.83,65.54,65.16,64.82,64.55,64.41,64.6,65.99,64.87,63.96,64.59,64.76,63.12,65.59,66.03,65.72,66.42,65.66,65.61,65.54,64,63.34,63.31,63.28,62.94,61.51,63.42,64.05,62.79,
Sweden,SWE,,,,,,,,,,,,,,,,,,,,,72.09,71.67,70,68.37,67.97,68.5,68.03,67.7,67.65,67.31,66.54,66.86,66.53,66.48,66.41,67.04,67.48,67.7,67.89,67.32,67.41,67.4,67.26,67.63,67.61,67.35,67.43,67.68,67.65,67.7,
Eswatini,SWZ,,,,,,,,,,,,,,,,,,,,,64.92,64.73,64.62,64.47,64.11,63.39,62.58,61.54,60.39,59.31,58.45,58.35,58.32,58.34,58.25,57.9,57.81,57.71,57.64,57.51,57.27,57.02,56.68,56.42,56.34,56.3,56.24,56.34,56.49,56.56,
Sint Maarten (Dutch part),SXM,,,,,,,,,,,,,,,,,,,,,,,,,,,,,,,,,,,,,,,,,,,,,,,,,,,
Seychelles,SYC,,,,,,,,,,,,,,,,,,,,,,,,,,,,,,,,,,,,,,,,,,,,,,,,,,,
Syrian Arab Republic,SYR,,,,,,,,,,,,,,,,,,,,,84.34,83.87,82.87,82.69,82.28,82.07,82.51,82.84,83.09,81.87,80.18,79.81,79.21,78.22,77.18,76.16,75.4,74.6,74.11,72.7,72.94,73.06,73.15,73.25,73.4,73.61,73.67,73.94,74.18,74.39,
Turks and Caicos Islands,TCA,,,,,,,,,,,,,,,,,,,,,,,,,,,,,,,,,,,,,,,,,,,,,,,,,,,
Chad,TCD,,,,,,,,,,,,,,,,,,,,,79.9,79.98,80.01,80.28,80.23,80.25,80.42,80.49,80.5,80.56,80.61,80.66,80.68,80.58,80.25,80,80.04,79.97,79.84,79.64,79.31,79.22,78.98,78.73,78.43,78.14,78.04,77.87,77.59,77.27,
East Asia & Pacific (IDA & IBRD countries),TEA,,,,,,,,,,,,,,,,,,,,,84.08448878,84.04096244,84.03546184,83.9704628,84.06761058,84.0016649,83.88137814,83.70874163,83.51311502,83.25332739,82.97408123,82.51332528,81.90922591,81.20810266,80.80917786,80.21451993,79.87222204,79.66357827,79.45969799,79.22093995,78.95304163,78.96229794,78.85100806,78.58790836,78.3384695,78.01452621,77.61927189,77.24327749,76.96250236,76.61940989,
Europe & Central Asia (IDA & IBRD countries),TEC,,,,,,,,,,,,,,,,,,,,,72.97447367,72.9149078,72.96210012,72.11344032,71.50049884,71.09769605,70.24437114,69.17776854,68.463927,69.06663759,68.72228419,67.82388816,67.11463524,66.55820091,66.71992394,66.9095891,66.68861954,67.09855044,67.62526003,67.63891492,68.00520452,68.2962931,68.34013068,68.55727499,68.76316606,69.01229422,69.14018438,69.20873716,69.12585302,68.7525825,
Togo,TGO,,,,,,,,,,,,,,,,,,,,,64.81,64.8,64.77,64.98,64.31,63.79,63.11,62.35,62.11,61.8,61.64,61.73,61.74,61.67,61.87,62.22,62.49,62.87,63.1,63.24,63.3,63.34,63.3,63.2,63.02,62.77,62.5,62.21,61.84,61.43,
Thailand,THA,,,,,,,,,,,,,,,,,,,,,84.59,84.32,84.05,83.77,83.5,82.91,82.52,82.31,81.9,80.8,81.1,81.24,80.99,80.77,81.06,80.91,80.83,81.25,81.21,81.42,80.05,80.98,80.88,79.5,78.5,77.74,76.69,75.98,76.34,75.3,
Tajikistan,TJK,,,,,,,,,,,,,,,,,,,,,59.1,59.05,59.01,58.96,58.88,58.79,58.68,58.57,58.46,58.34,58.2,58.1,57.97,57.87,58.16,57.66,57.28,56.87,56.47,56.63,56.14,55.58,54.97,54.31,53.61,52.86,52.04,51.45,50.87,50.25,
Turkmenistan,TKM,,,,,,,,,,,,,,,,,,,,,71.71,72.13,73.13,73.18,74.32,74.84,74.65,75.39,75.22,74.58,74.39,74.2,74.18,74,73.77,73.2,72.78,72.42,71.98,72,71.97,71.8,71.89,72.06,72.2,72.35,72.39,72.34,72.24,72.12,
Latin America & the Caribbean (IDA & IBRD countries),TLA,,,,,,,,,,,,,,,,,,,,,81.8594195,81.81924483,81.76791733,81.72259185,81.45119603,80.96834107,80.35499325,80.64973779,80.54070809,80.28607714,79.86180975,79.54580908,79.31645682,79.1725038,79.31201536,79.26215996,79.29622574,79.01122222,78.90297756,78.7384418,78.3133901,77.93060041,78.20068783,77.91386265,77.71714949,77.6225693,77.28880956,77.28408349,77.20207593,77.11778861,
Timor-Leste,TLS,,,,,,,,,,,,,,,,,,,,,75.63,75.68,75.85,76.07,76.2,76.17,75.82,75.52,75.34,76.99,76.03,75.29,75.64,75.77,75.71,75.46,75.49,74.77,73.96,73.25,72.61,72.32,72.1,72.14,72.07,72.06,72.02,72.4,72.63,72.66,
Middle East & North Africa (IDA & IBRD countries),TMN,,,,,,,,,,,,,,,,,,,,,76.45891168,76.170389,75.79271175,75.58087568,75.49363549,74.95969848,74.44773513,74.2437643,73.89667779,74.14345692,73.74187787,73.26445338,73.15263361,73.1040095,73.07634914,73.02995364,72.62371658,72.26512331,71.86879429,71.85952992,71.95730033,71.85235401,71.74336325,71.80398199,71.28917653,70.8843543,70.90992091,70.65452194,70.90595967,71.01696901,
Tonga,TON,,,,,,,,,,,,,,,,,,,,,75.39,75.63,75.72,75.61,75.3,74.42,73.6,72.68,71.73,70.82,69.98,69.67,69.43,69.18,68.82,68.3,67.67,66.92,66.05,65.13,64.2,63.47,62.67,61.75,60.66,59.45,58.29,57.15,56.01,55.99,
South Asia (IDA & IBRD),TSA,,,,,,,,,,,,,,,,,,,,,84.96522188,84.8506135,84.73373876,84.54262728,84.48753587,84.2735871,84.09212695,83.90058395,83.67174551,83.50958711,83.32921033,83.24775777,83.18208815,83.16472013,83.1528474,83.03038616,82.53165375,82.10446698,81.66969724,81.27405493,80.85905188,80.406872,80.03214725,79.58184966,78.99622656,78.58018688,78.07985537,77.7455515,77.27053833,77.09596631,
Sub-Saharan Africa (IDA & IBRD countries),TSS,,,,,,,,,,,,,,,,,,,,,78.14446882,78.09568428,77.98376583,77.83720942,77.63740033,77.37452393,77.19377487,77.0134481,76.83776503,76.64817851,76.44170092,76.31218126,76.11019772,75.95117723,75.78659527,75.62906131,75.56839095,75.47189468,75.34503523,75.05059297,74.73797867,74.59458085,74.02239594,73.47517803,73.19153948,73.02731276,72.8225114,72.92882571,73.01664934,73.09915787,
Trinidad and Tobago,TTO,,,,,,,,,,,,,,,,,,,,,76.28,75.55,74.71,73.72,75.07,75.89,75.49,75.88,76.21,76.06,76.24,75.73,75.31,75.61,75.9,76.14,75.88,76.65,75.79,75.68,74.02,73.02,73.18,73.06,73.27,73.25,71.71,71.43,71.03,70.59,
Tunisia,TUN,,,,,,,,,,,,,,,,,,,,,75.37,75.26,74.7,74.69,74.53,74.21,73.82,73.48,72.72,71.96,71.19,70.46,69.71,68.96,68.22,67.5,67.6,67.81,68.09,68.93,69.62,70.28,70.91,70.19,69.79,69.36,69.34,69.23,69.03,68.92,
Turkey,TUR,,,,,,,,,,,,,,,,,,,,,80.79,80.13,79.59,77.88,78.27,77.46,76.88,76.1,75.96,74.93,72.62,71.65,70.22,68.91,69.89,70.12,68.39,68.39,68.92,69.1,69.64,70.51,69.79,70.36,71.18,71.63,72.07,72.58,72.75,72.16,
Tuvalu,TUV,,,,,,,,,,,,,,,,,,,,,,,,,,,,,,,,,,,,,,,,,,,,,,,,,,,
Tanzania,TZA,,,,,,,,,,,,,,,,,,,,,90.49,90.5,90.48,90.44,90.36,90.23,90.2,90.13,90.03,89.92,89.83,89.79,89.86,89.92,89.98,90.04,90.09,89.89,89.68,89.45,89.2,88.94,88.66,88.35,88,87.93,87.79,87.63,87.44,87.22,
Uganda,UGA,,,,,,,,,,,,,,,,,,,,,77.51,77.75,77.63,77.52,77.41,77.31,77.2,77.09,76.99,76.9,76.81,76.74,76.68,76.62,76.55,76.49,76.47,76.44,76.4,76.36,76.32,76.29,76.25,76,75.68,75.33,74.92,74.48,73.96,73.38,
Ukraine,UKR,,,,,,,,,,,,,,,,,,,,,64.4,64.26,64.29,64.66,65.83,66.48,66.06,65.32,64.5,63.64,64.37,63.01,62.62,62.32,62.26,62.92,62.76,62.67,62.66,62.77,62.96,63.72,64,64.37,63.29,63.6,63.46,63.44,63.21,62.95,
Upper middle income,UMC,,,,,,,,,,,,,,,,,,,,,82.2861493,82.23526194,82.23424439,82.06494153,81.86192776,81.62663942,81.26553013,81.02863097,80.72816724,80.60524152,80.19687126,79.60227058,79.00225693,78.41281323,78.05144254,77.69716297,77.37748936,77.21330722,77.12511007,76.89742111,76.56631494,76.45553498,76.44474769,76.24533256,76.06585194,75.9278782,75.64743,75.41814011,75.17523913,74.84128277,
Uruguay,URY,,,,,,,,,,,,,,,,,,,,,76.5,76.21,76.22,75.35,76.17,76.46,76.03,75.63,75.23,74.71,74.82,75.62,74.64,73.63,74.06,73.74,75.8,77.04,76.8,77.06,76.76,76.83,76.03,75.86,75.81,75.17,74.34,73.72,73.26,73.21,
United States,USA,,,,,,,,,,,,,,,,,,,,,75.29,74.67,74.76,74.42,74.24,74.27,74.29,74.37,74.27,74.2,74.2,73.66,73.16,72.47,72.22,72.16,72.28,71.99,71.77,70.74,69.9,69.33,69.56,68.96,68.52,68.41,68.55,68.48,68.46,68.59,
Uzbekistan,UZB,,,,,,,,,,,,,,,,,,,,,75.3,75.39,75.95,76.1,76.33,76.4,76.39,76.28,76.18,76.05,75.93,75.79,75.66,75.52,75.29,75.13,74.98,74.78,74.65,74.6,74.69,74.8,74.9,75,75.1,75.13,75.14,75.2,75.14,75.01,
St. Vincent and the Grenadines,VCT,,,,,,,,,,,,,,,,,,,,,80.8,80.89,80.64,80.5,80.68,80.33,80.44,80.42,80.34,80.33,80.36,80.48,80.35,80.15,80.11,80.15,79.72,79.42,79.11,78.88,78.64,78.63,78.51,78.32,78.11,77.83,77.65,77.54,77.41,77.36,
"Venezuela, RB",VEN,,,,,,,,,,,,,,,,,,,,,79.04,79.13,79.19,79.28,79.36,79.41,79.44,79.45,79.47,79.48,79.47,79.42,79.32,79.16,79.22,79.19,80,79.46,79.17,78.39,78.43,77.96,77.12,77.08,77.09,77.06,77.06,76.75,76.13,74.87,
British Virgin Islands,VGB,,,,,,,,,,,,,,,,,,,,,,,,,,,,,,,,,,,,,,,,,,,,,,,,,,,
Virgin Islands (U.S.),VIR,,,,,,,,,,,,,,,,,,,,,71.91,72.16,72.31,72.47,72.42,72.44,72.39,72.19,71.94,71.59,71,70.72,70.52,70.38,70.07,69.69,69.3,68.83,68.44,68.4,67.96,67.77,68.01,67.75,67.26,66.75,66.34,66.12,65.82,65.57,
Vietnam,VNM,,,,,,,,,,,,,,,,,,,,,82.29,82.3,82.21,82.15,82.04,81.89,81.72,81.58,81.52,81.48,81.38,81.31,81.24,81.15,81.05,80.94,80.83,80.72,80.67,80.67,81.38,81.69,81.63,82.61,82.69,83.04,82.44,82.6,82.54,82.18,
Vanuatu,VUT,,,,,,,,,,,,,,,,,,,,,78.49,78.45,78.46,78.57,78.25,78.32,78.22,77.96,77.76,77.81,77.6,77.97,78.48,78.48,78.5,78.44,78.22,78.26,78.33,78.61,78.92,78.89,78.81,78.78,78.82,79.03,79,78.91,78.9,78.84,
World,WLD,,,,,,,,,,,,,,,,,,,,,80.14912555,80.0569165,79.96410424,79.7571496,79.6675027,79.47648397,79.2578296,79.09290448,78.87823846,78.77574672,78.5639002,78.21569197,77.90827583,77.59583325,77.46062307,77.26613489,77.02968341,76.87008209,76.70614129,76.41719183,76.15629661,75.99256664,75.85970048,75.58740314,75.30633749,75.08740022,74.82734466,74.64362274,74.47411198,74.33511489,
Samoa,WSM,,,,,,,,,,,,,,,,,,,,,56.25,56.95,57.43,57.46,57.84,57.43,57.39,57.8,57.97,58.01,57.59,57.28,57.17,56.98,56.67,56.32,56.18,55.64,55.52,55.9,55.82,55.65,56.22,56.48,56.67,56.5,55.83,55.74,55.9,55.51,
Kosovo,XKX,,,,,,,,,,,,,,,,,,,,,,,,,,,,,,,,,,,,,,,,,,,,,,,,,,,
"Yemen, Rep.",YEM,,,,,,,,,,,,,,,,,,,,,73.05,73.33,73.33,73.55,73.37,73.11,72.81,72.49,72.15,71.82,71.51,71.18,70.85,70.54,70.23,69.93,69.64,69.35,69.1,68.91,68.79,68.43,68.14,67.86,67.58,68.58,69.24,69.81,70.25,70.64,
South Africa,ZAF,,,,,,,,,,,,,,,,,,,,,72.12,71.79,71.48,71.02,70.44,69.75,69.04,68.36,67.72,67.04,66.33,65.77,65.19,64.68,64.23,63.9,63.66,63.58,63.69,61.94,60.42,59.94,60.6,60.86,61.16,62.51,62.72,63.1,62.79,62.9,
Zambia,ZMB,,,,,,,,,,,,,,,,,,,,,86.11,86.1,86.04,85.84,85.76,85.59,85.47,85.36,85.3,85.2,85.12,85.34,85.54,85.7,85.82,85.92,85.31,84.67,84,83.28,82.53,81.79,81.02,80.86,80.63,80.34,80.03,79.64,79.2,78.8,
Zimbabwe,ZWE,,,,,,,,,,,,,,,,,,,,,91.35,91.18,91.02,90.66,90.18,89.8,89.44,89.2,88.37,87.3,87.43,87.71,87.92,88.08,88.23,88.15,88.22,88.3,88.37,88.42,88.45,88.53,88.67,88.91,89.07,89.16,89.29,89.22,89.03,88.91,